{"epoch": 199, "loss": 0.0, "_timestamp": 1664681358.018363, "_runtime": 1.4681079387664795, "_step": 0, "_wandb": {"runtime": 3}}