{"loss": 0.6774065144478328, "_timestamp": 1664677715.3753595, "_runtime": 0.5307486057281494, "_step": 0, "_wandb": {"runtime": 7}}