{"epoch": 199, "loss": 0.0, "_timestamp": 1664681338.868703, "_runtime": 1.4820599555969238, "_step": 0, "_wandb": {"runtime": 13}}