{"loss": 0.6774068446386428, "_timestamp": 1664678651.906366, "_runtime": 1.5582711696624756, "_step": 0, "_wandb": {"runtime": 5}}