{"loss": 0.6774088484900338, "_timestamp": 1664679164.237257, "_runtime": 1.4818179607391357, "_step": 0, "_wandb": {"runtime": 183}}