{"epoch": 199, "loss": 0.0, "_timestamp": 1664681303.7751262, "_runtime": 0.5394871234893799, "_step": 0, "_wandb": {"runtime": 1}}