{"loss": 0.6777967488954938, "_timestamp": 1664679353.3715737, "_runtime": 1.5168876647949219, "_step": 0, "_wandb": {"runtime": 3}}